{
  "author": "N.Mukai",
  "ball": {
    "x": 599
  },
  "goal": {
    "x": 589,
    "y": 614.125
  },
  "jumps": [],
  "slopes": [
    {
      "x": 448,
      "y": 173.625,
      "w": 486,
      "h": 3
    },
    {
      "x": 820,
      "y": 253.125,
      "w": 496,
      "h": 2
    },
    {
      "x": 494,
      "y": 353.125,
      "w": 316,
      "h": 4
    },
    {
      "x": 222,
      "y": 428.125,
      "w": 240,
      "h": 4
    },
    {
      "x": 648,
      "y": 464.625,
      "w": 278,
      "h": 11
    },
    {
      "x": 940,
      "y": 526.625,
      "w": 276,
      "h": 15
    },
    {
      "x": 411.5,
      "y": 559.625,
      "w": 217,
      "h": 7
    }
  ],
  "lifts": []
}