{
  "author": "N.Mukai",
  "ball": {
    "x": 215.0052080154419
  },
  "goal": {
    "x": 1100.005208015442,
    "y": 676.1354141235352
  },
  "jumps": [
    {
      "x": 440.0052080154419,
      "y": 551.1354141235352
    }
  ],
  "slopes": [
    {
      "x": 278.0052080154419,
      "y": 148.63541412353516,
      "w": 192,
      "h": 13
    },
    {
      "x": 263.5052080154419,
      "y": 452.13541412353516,
      "w": 153,
      "h": 2
    },
    {
      "x": 747.0052080154419,
      "y": 597.6354141235352,
      "w": 140,
      "h": 3
    }
  ],
  "lifts": [
    {
      "x": 553.0052080154419,
      "y": 267.13541412353516,
      "w": 140,
      "h": 10,
      "l": 200,
      "r": -0.3302973548292537
    },
    {
      "x": 577.5052080154419,
      "y": 589.6354141235352,
      "w": 127,
      "h": 10,
      "l": 200,
      "r": 0.05506239537367029
    },
    {
      "x": 926.5052080154419,
      "y": 602.1354141235352,
      "w": 117,
      "h": 10,
      "l": 200,
      "r": 0
    }
  ]
}