[
  {
    "score": 39889,
    "stage": 10,
    "gravity": 4000,
    "time": 11129,
    "uuid": "b2278321-e8ed-43e3-b081-dba9a0f15796"
  },
  {
    "score": 38952,
    "stage": 10,
    "gravity": 4000,
    "time": 104867,
    "uuid": "d2af329a-efa6-4533-a321-de20c173198d"
  },
  {
    "score": 29934,
    "stage": 10,
    "gravity": 3000,
    "time": 6627,
    "uuid": "63b36874-094c-4fc3-b5f6-c0b6de62ff48"
  },
  {
    "score": 29305,
    "stage": 10,
    "gravity": 3000,
    "time": 69549,
    "uuid": "c8dc551a-bcdb-48d9-a479-27cfed737889"
  },
  {
    "score": 19958,
    "stage": 10,
    "gravity": 2000,
    "time": 4226,
    "uuid": "d5204954-459c-47ee-825f-b48cb11f6ca3"
  },
  {
    "score": 19816,
    "stage": 10,
    "gravity": 2000,
    "time": 18475,
    "uuid": "e93a3dca-e198-4b8b-bf56-a4e4b497154f"
  },
  {
    "score": 19553,
    "stage": 10,
    "gravity": 2000,
    "time": 44741,
    "uuid": "44d85f16-edb1-4442-8044-685d31b19d1a"
  },
  {
    "score": 19525,
    "stage": 10,
    "gravity": 2000,
    "time": 47557,
    "uuid": "af42f1f3-e832-4344-b235-b0cf6dcbe006"
  },
  {
    "score": 13827,
    "stage": 7,
    "gravity": 2000,
    "time": 17394,
    "uuid": "302ae79f-b0b0-4b03-9d8c-db90eb82b063"
  },
  {
    "score": 9978,
    "stage": 10,
    "gravity": 1000,
    "time": 2216,
    "uuid": "a4ce3cae-2aff-4f1a-ae51-c943a0c0fbd6"
  },
  {
    "score": 9962,
    "stage": 10,
    "gravity": 1000,
    "time": 3895,
    "uuid": "aae0c94a-4c25-44ef-a302-7523cdd645b6"
  },
  {
    "score": 9945,
    "stage": 10,
    "gravity": 1000,
    "time": 5585,
    "uuid": "1afc22c6-b8e4-4699-8e61-4a6acfb37c0e"
  },
  {
    "score": 9939,
    "stage": 10,
    "gravity": 1000,
    "time": 6102,
    "uuid": "1a7112cd-393e-4f94-9725-199c4969ca07"
  },
  {
    "score": 9936,
    "stage": 10,
    "gravity": 1000,
    "time": 6436,
    "uuid": "b560bed4-30a2-46c4-90a1-45ab86311b0d"
  },
  {
    "score": 9927,
    "stage": 10,
    "gravity": 1000,
    "time": 7373,
    "uuid": "6b0c5815-b312-4ee0-9e19-85fac2cd6c0a"
  },
  {
    "score": 9865,
    "stage": 10,
    "gravity": 1000,
    "time": 13561,
    "uuid": "247ef584-80ff-4d52-9cb3-b1b471923982"
  },
  {
    "score": 9806,
    "stage": 10,
    "gravity": 1000,
    "time": 19486,
    "uuid": "7be20835-e48b-4ede-90e9-2f9c34d6a7a4"
  },
  {
    "score": 9803,
    "stage": 10,
    "gravity": 1000,
    "time": 19780,
    "uuid": "05b7eaad-3c7c-4906-b2b2-48856de96a74"
  },
  {
    "score": 9690,
    "stage": 10,
    "gravity": 1000,
    "time": 31081,
    "uuid": "d2103d78-cd1d-4ab9-9080-925515bad2e5"
  },
  {
    "score": 9540,
    "stage": 10,
    "gravity": 1000,
    "time": 46079,
    "uuid": "84b78e15-123f-45e4-a006-307873ee028a"
  },
  {
    "score": 8943,
    "stage": 9,
    "gravity": 1000,
    "time": 5717,
    "uuid": "344c4332-a26c-40c9-83b1-f32fe36f9e43"
  },
  {
    "score": 7919,
    "stage": 9,
    "gravity": 1000,
    "time": 108116,
    "uuid": "6819da76-ab6a-43ba-8269-8e2f7dd2dee4"
  },
  {
    "score": 6967,
    "stage": 7,
    "gravity": 1000,
    "time": 3359,
    "uuid": "93b218cf-fb23-4af5-bbf1-a59072c1ecaf"
  },
  {
    "score": 6966,
    "stage": 7,
    "gravity": 1000,
    "time": 3423,
    "uuid": "53a572df-6c6b-4903-a69c-3fd955daa46d"
  },
  {
    "score": 6960,
    "stage": 7,
    "gravity": 1000,
    "time": 4016,
    "uuid": "c486ae76-f3db-4d14-aa10-3a27547dc594"
  },
  {
    "score": 1945,
    "stage": 1,
    "gravity": 2000,
    "time": 5585,
    "uuid": "087209ba-ad54-48ee-99ff-02cf57653ab7"
  },
  {
    "score": 1000,
    "stage": 1,
    "gravity": 1000,
    "time": 0,
    "uuid": "8606599c-4567-466b-8e94-3029a4a9743f"
  },
  {
    "score": 1000,
    "stage": 1,
    "gravity": 1000,
    "time": 0,
    "uuid": "4279fc5a-b01e-456c-bce8-eff13547a2ad"
  },
  {
    "score": 1000,
    "stage": 1,
    "gravity": 1000,
    "time": 0,
    "uuid": "16fe1a61-ff95-46d5-8d8c-c2ab2b72845f"
  },
  {
    "score": 1000,
    "stage": 1,
    "gravity": 1000,
    "time": 0,
    "uuid": "7077c663-d706-4fc0-a7b8-717391a7103b"
  },
  {
    "score": 1000,
    "stage": 1,
    "gravity": 1000,
    "time": 0,
    "uuid": "3a44ba39-8214-4b6e-bf2c-9a6b0258e7cd"
  },
  {
    "score": 1000,
    "stage": 1,
    "gravity": 1000,
    "time": 0,
    "uuid": "5047e405-1429-411a-bbb0-4aa774aa1483"
  },
  {
    "score": 941,
    "stage": 1,
    "gravity": 1000,
    "time": 5960,
    "uuid": "3a9524e9-9bbc-4a5d-a94e-1d295fcf307e"
  },
  {
    "score": 0,
    "stage": 0,
    "gravity": 1000,
    "time": 0,
    "uuid": "caacf13d-662a-4f5e-b381-a6b35d409023"
  },
  {
    "score": -111,
    "stage": 0,
    "gravity": 5000,
    "time": 11129,
    "uuid": "5319a4c0-9eef-4122-9b24-f2b6f90ea7d8"
  }
]