[
  {
    "score": 19816,
    "stage": 10,
    "gravity": 2000,
    "time": 18475,
    "uuid": "e93a3dca-e198-4b8b-bf56-a4e4b497154f"
  },
  {
    "score": 19525,
    "stage": 10,
    "gravity": 2000,
    "time": 47557,
    "uuid": "af42f1f3-e832-4344-b235-b0cf6dcbe006"
  },
  {
    "score": 13827,
    "stage": 7,
    "gravity": 2000,
    "time": 17394,
    "uuid": "302ae79f-b0b0-4b03-9d8c-db90eb82b063"
  },
  {
    "score": 9962,
    "stage": 10,
    "gravity": 1000,
    "time": 3895,
    "uuid": "aae0c94a-4c25-44ef-a302-7523cdd645b6"
  },
  {
    "score": 9939,
    "stage": 10,
    "gravity": 1000,
    "time": 6102,
    "uuid": "1a7112cd-393e-4f94-9725-199c4969ca07"
  },
  {
    "score": 9936,
    "stage": 10,
    "gravity": 1000,
    "time": 6436,
    "uuid": "b560bed4-30a2-46c4-90a1-45ab86311b0d"
  },
  {
    "score": 9927,
    "stage": 10,
    "gravity": 1000,
    "time": 7373,
    "uuid": "6b0c5815-b312-4ee0-9e19-85fac2cd6c0a"
  },
  {
    "score": 9865,
    "stage": 10,
    "gravity": 1000,
    "time": 13561,
    "uuid": "247ef584-80ff-4d52-9cb3-b1b471923982"
  },
  {
    "score": 9803,
    "stage": 10,
    "gravity": 1000,
    "time": 19780,
    "uuid": "05b7eaad-3c7c-4906-b2b2-48856de96a74"
  },
  {
    "score": 8943,
    "stage": 9,
    "gravity": 1000,
    "time": 5717,
    "uuid": "344c4332-a26c-40c9-83b1-f32fe36f9e43"
  },
  {
    "score": 6967,
    "stage": 7,
    "gravity": 1000,
    "time": 3359,
    "uuid": "93b218cf-fb23-4af5-bbf1-a59072c1ecaf"
  },
  {
    "score": 6966,
    "stage": 7,
    "gravity": 1000,
    "time": 3423,
    "uuid": "53a572df-6c6b-4903-a69c-3fd955daa46d"
  },
  {
    "score": 6960,
    "stage": 7,
    "gravity": 1000,
    "time": 4016,
    "uuid": "c486ae76-f3db-4d14-aa10-3a27547dc594"
  },
  {
    "score": 1000,
    "stage": 1,
    "gravity": 1000,
    "time": 0,
    "uuid": "8606599c-4567-466b-8e94-3029a4a9743f"
  },
  {
    "score": 1000,
    "stage": 1,
    "gravity": 1000,
    "time": 0,
    "uuid": "4279fc5a-b01e-456c-bce8-eff13547a2ad"
  }
]